investments,type
185187.9461234889,Data
496362.33183230576,Data
224937.2654189218,Data
490841.0046759204,Data
491256.20028128405,Data
489626.87864212017,Data
404363.0357795985,Data
130853.01972969368,Data
250245.20287232168,Data
108211.78599787648,Data
123713.0746085911,Data
53315.9828237732,Data
381326.4931230669,Data
63102.41823057437,Data
112127.02075648362,Data
403438.5461484199,Data
384187.5011905648,Data
333104.03319647745,Data
214691.5731968868,Data
222751.67182792752,Data
346412.3800770049,Data
301608.4922994303,Data
408312.0992382444,Data
497374.6704690267,Data
389168.3760310435,Data
197083.13885758247,Data
108882.06664803316,Data
126346.23499838646,Data
462184.5136689658,Data
327127.8140173019,Data
203286.65740221072,Data
229616.2683823865,Data
125357.5039442614,Data
291633.1497278826,Data
265681.3765120443,Data
394767.7355392201,Data
292305.8059973371,Data
123795.61922885536,Data
414014.72573488654,Data
178997.5346393793,Data
93862.27342295766,Data
499198.8372262614,Data
144811.39246734814,Data
460139.4914265408,Data
101776.34426936651,Data
214726.7453413853,Data
462444.0501429993,Data
303693.6619192571,Data
130325.12247824394,Data
158085.21351253346,Data
289940.64530119847,Data
344855.8183750845,Data
192723.09910934488,Data
490571.1409052897,Data
407619.5015272495,Data
234910.1979735397,Data
486835.4699862141,Data
52294.14693484448,Data
132328.30309794325,Data
466836.2929161931,Data
169389.0548909747,Data
231490.64966113056,Data
59284.45652762048,Data
341765.67394529073,Data
198386.67085492145,Data
458432.577262882,Data
447134.9714335603,Data
89527.07155825103,Data
123870.71370906396,Data
158434.24917492166,Data
461556.8996928463,Data
94803.33224550806,Data
355034.62917083554,Data
324289.229257111,Data
301954.20278138755,Data
379019.2052119292,Data
189002.21953994472,Data
199982.4217867485,Data
424199.0416339396,Data
453298.3616692176,Data
373697.3104026065,Data
249323.30614932065,Data
339789.1319760864,Data
137793.07567610024,Data
364381.8395106687,Data
459892.6394349598,Data
284107.1441179151,Data
332254.13675769506,Data
182697.36690925804,Data
407292.1571960871,Data
453922.5551938631,Data
235091.42789132983,Data
430287.6263949403,Data
206306.05990402677,Data
50591.04209073277,Data
198213.46186997063,Data
338946.22246436623,Data
257127.77420413116,Data
68350.74947593533,Data
348179.8368249574,Data
208550.9394137134,Data
342040.3510572296,Data
252842.2454651004,Data
183317.6993492196,Data
112504.3441377701,Data
453827.3695301103,Data
321305.4319735604,Data
159443.32797907462,Data
299933.2489333092,Data
81701.29987629558,Data
141551.81466441447,Data
90089.40313009516,Data
102940.75150551062,Data
401413.7235458036,Data
101478.02973801442,Data
234491.5700961566,Data
484291.3656528958,Data
485381.30769348657,Data
413311.5755751657,Data
351197.5530440416,Data
427662.94833841873,Data
167184.56985446886,Data
107926.4246039976,Data
223772.3849614148,Data
367026.1706518861,Data
166430.58504911285,Data
98501.85259839984,Data
114442.71701552442,Data
359160.0956845762,Data
499840.7619967348,Data
120654.33656280069,Data
445547.4439968605,Data
329261.8761104107,Data
404008.8956884043,Data
58532.80917085251,Data
339261.2708465647,Data
394380.3922533538,Data
124879.90579558862,Data
348229.5252939771,Data
222193.43944499936,Data
454860.8244364381,Data
142337.02979575502,Data
56218.72968406674,Data
99998.1807887684,Data
337066.8906837253,Data
422116.8892409913,Data
306623.1306993465,Data
156556.72000636294,Data
56581.93762447271,Data
311503.9689309431,Data
230654.22223003316,Data
64327.47770973875,Data
254069.12379606612,Data
448964.7280616576,Data
347570.9111481269,Data
324803.6070402944,Data
414417.0395829597,Data
89412.27225983373,Data
64635.51001122001,Data
230759.70395296087,Data
322413.0844409056,Data
322926.8891238692,Data
259533.52630612408,Data
406655.1791688674,Data
212200.914045528,Data
161140.27711095748,Data
111778.95051730226,Data
493535.578546428,Data
309339.11570290365,Data
239318.13615492667,Data
490970.9930924629,Data
151469.1085783681,Data
58666.90175355604,Data
288436.8046749986,Data
106976.20065074488,Data
187528.88218775555,Data
373009.4106108536,Data
282129.18494255346,Data
464272.473848625,Data
268484.59945251467,Data
339509.6641715244,Data
424181.21615670185,Data
337435.5072523529,Data
232571.25116470957,Data
251499.1761546359,Data
466389.072745044,Data
197136.7822060886,Data
280362.19185475394,Data
176782.17348846275,Data
180977.0381054557,Data
168029.57837164708,Data
384806.41075621935,Data
235721.7899805724,Data
53862.855498960445,Data
402980.2463850505,Data
256694.78178032147,Data
425910.2096714212,Data
52696.93435510207,Data
382302.535409516,Data
276573.3688570928,Data
266965.41854642995,Data
349461.5131105072,Data
424747.95336120034,Data
188310.35387046915,Data
454986.2209225064,Data
463538.5308753387,Data
346675.11511097546,Data
336761.1737033892,Data
333746.2532833124,Data
461094.3789307997,Data
282894.6707157896,Data
51434.4783931417,Data
414296.1722076629,Data
144728.5710850542,Data
417298.6200953793,Data
198739.8979189248,Data
413682.49163681833,Data
209712.6260316381,Data
433982.76900470257,Data
69141.72887071437,Data
175222.57187453334,Data
365169.2442375199,Data
468781.72490370704,Data
356324.1751839188,Data
237406.1952760529,Data
113835.7003703396,Data
218236.6269999996,Data
339823.4359617644,Data
433786.2637082213,Data
447173.85165438417,Data
273110.0939044559,Data
470502.6583988525,Data
450732.0271591358,Data
349285.7290701419,Data
126088.49320547916,Data
206183.07308327535,Data
437309.45263138827,Data
349669.35896247195,Data
346246.7373283755,Data
393862.2470596412,Data
248939.47990518805,Data
498547.5238365067,Data
476005.99090722325,Data
94391.1180960502,Data
327762.3704206092,Data
212095.83324794687,Data
394466.3190138344,Data
210647.25498201168,Data
306784.24637254246,Data
198185.0344827968,Data
95159.83086842988,Data
192253.5145015189,Data
266688.32651606726,Data
289612.8894628432,Data
257675.49810598188,Data
396961.3341383288,Data
54606.46441878278,Data
460039.9115263668,Data
496803.0311553552,Data
159126.7040804213,Data
319205.4754450184,Data
472811.1314655639,Data
259398.55078479968,Data
290512.501066354,Data
315720.043025742,Data
278685.9234571386,Data
237449.9582072388,Data
303909.363815437,Data
459278.9452182612,Data
292436.39792440954,Data
492958.8584121568,Data
129199.3581057232,Data
411012.5322160813,Data
392087.1595691604,Data
391471.41359890846,Data
309838.4581110078,Data
402507.75847340096,Data
261622.2992219601,Data
372319.7986160129,Data
297917.312058074,Data
462465.0269481548,Data
467136.27030305774,Data
486408.8246306916,Data
394293.301782511,Data
236329.40259115267,Data
416549.7975938274,Data
304886.0774124601,Data
466031.61984722666,Data
389075.9938076514,Data
169178.79943359655,Data
57840.30258712326,Data
230373.46014702768,Data
477615.7272909553,Data
410718.3586178584,Data
247955.7230254521,Data
138188.84076652024,Data
353632.2781566236,Data
386530.2881044117,Data
93752.40409833836,Data
441836.33602807217,Data
379069.5468605742,Data
417420.2830197554,Data
329164.3995614022,Data
480113.011801857,Data
65847.90339139165,Data
171241.49313709908,Data
247648.96534958927,Data
442053.3839958747,Data
302368.95713325567,Data
441439.4507321597,Data
328710.31442544155,Data
260590.8548319098,Data
229166.64880053265,Data
306636.802821437,Data
311638.9850465581,Data
123197.46316647924,Data
421362.9392042628,Data
429690.9229834224,Data
94808.97598509202,Data
464015.3816078436,Data
251637.5646843048,Data
190296.55764674896,Data
174048.87327979808,Data
379173.9745190518,Data
389718.9247103887,Data
354616.9578147873,Data
339725.83395346324,Data
391313.84687979694,Data
238741.25978647065,Data
300292.72718575806,Data
125807.82887397308,Data
331361.73280118505,Data
182031.52239446228,Data
156814.76168746973,Data
434962.1684616287,Data
242088.7407826157,Data
206010.23959787007,Data
270727.8338506666,Data
58348.35827056135,Data
221632.0834883439,Data
172960.61226130874,Data
325177.71625401714,Data
421816.0470249896,Data
173406.38250700038,Data
129555.9459662849,Data
465999.0611102503,Data
128183.34597162192,Data
495770.9180476022,Data
64632.58652484208,Data
433193.74373896007,Data
110596.07186788988,Data
413247.9004538184,Data
476265.9028225866,Data
255228.83509442248,Data
330866.5931824651,Data
91213.2240498347,Data
471224.05600672506,Data
227517.56119735885,Data
267655.9717778614,Data
380260.7885603857,Data
409155.3503650968,Data
395078.5951071144,Data
367484.8274720184,Data
80271.56072515338,Data
184292.99151348355,Data
224000.38165913665,Data
118735.1024934936,Data
50662.03631806794,Data
267317.69289684657,Data
460777.33172692894,Data
315864.7478921219,Data
333820.0333490392,Data
389484.7546989204,Data
488096.2414936016,Data
456769.3428360928,Data
235162.76255921455,Data
282891.03927062254,Data
364264.3837856199,Data
242767.27608949115,Data
479778.760638269,Data
122755.57166116397,Data
479860.894261637,Data
219765.8308321771,Data
204295.7752540937,Data
135819.60955476627,Data
101447.35826787452,Data
296563.3614623449,Data
363404.3851726429,Data
444501.0405708535,Data
409918.1399739739,Data
192057.60585485253,Data
300563.3931188482,Data
136632.86691726837,Data
443985.1767982565,Data
271308.30166683265,Data
90102.21128577265,Data
223359.04972925253,Data
488106.1398888549,Data
334035.8505254584,Data
107810.98941240812,Data
140988.1596747262,Data
475965.7161276724,Data
454323.9966395348,Data
423842.1270397591,Data
244273.9730298995,Data
114063.76480711187,Data
488658.1428577237,Data
277948.9364139306,Data
95470.85891001932,Data
316635.301563052,Data
337183.0414332534,Data
269878.6655939062,Data
370226.780391904,Data
243289.77766254696,Data
219863.93074180992,Data
55370.35389321164,Data
346941.9567828494,Data
488297.0043653719,Data
86547.78675269206,Data
203046.07345175295,Data
185424.7158066629,Data
131148.46786924015,Data
71787.50579168867,Data
477747.9525984238,Data
407035.2571024745,Data
192838.73304044985,Data
283768.83230191586,Data
314618.54215989,Data
145579.69505375024,Data
464514.1790889393,Data
69990.25663460883,Data
382110.47227791446,Data
403618.1779038393,Data
89764.38421891055,Data
124792.4935448086,Data
459219.6812849796,Data
176776.6739876242,Data
348702.0384396714,Data
194247.3007659378,Data
264898.5767160451,Data
206944.2032901524,Data
346700.6998611958,Data
364656.4278725961,Data
333823.2274192968,Data
88187.56735005231,Data
362767.2679849324,Data
346375.05208707013,Data
209022.12841121145,Data
151492.21674287372,Data
472256.9406612464,Data
123679.90407816097,Data
312070.9185449702,Data
165564.2340367565,Data
74249.13770922806,Data
59153.514341348426,Data
488255.8261460961,Data
254399.39687589757,Data
392685.7667812806,Data
307414.67086209386,Data
432739.25436746463,Data
115394.53808785212,Data
339873.5158141273,Data
110308.63497971476,Data
71009.36524127523,Data
258242.7288428977,Data
373025.0713254146,Data
484124.8151149672,Data
90061.85710489127,Data
111279.25249749408,Data
402844.7967712643,Data
325404.8868772846,Data
197020.02159379647,Data
62620.7028485559,Data
348049.925405229,Data
306695.6292116559,Data
478523.07761093567,Data
245009.61796815545,Data
182644.2231533004,Data
302576.55903668294,Data
348171.1243046803,Data
198958.920876664,Data
283361.0003348315,Data
242652.57209543683,Data
143116.8222409716,Data
232671.89762791348,Data
453028.4897346541,Data
401581.9140526076,Data
480390.3953502314,Data
110449.49151415736,Data
298106.3716184662,Data
286800.5000750357,Data
118186.27141193344,Data
420704.5149990424,Data
145671.55643738352,Data
254805.8192154715,Data
164732.76320259483,Data
202224.8298577687,Data
115429.9054855333,Data
353368.5870214126,Data
67943.45383908311,Data
389042.6592510772,Data
193993.22989832127,Data
249179.9787120988,Data
58603.779047112825,Data
83860.46944975923,Data
89285.97830837683,Data
372588.0690080751,Data
222813.3210913506,Data
248922.44211882493,Data
426474.6194419711,Data
341516.7387179841,Data
227576.80071109883,Data
403950.4931344965,Data
232621.15262277337,Data
110436.89046914408,Data
68059.01599225862,Data
56026.4875789884,Data
308008.8898203537,Data
250686.10633359096,Data
498941.1996026983,Data
407908.2756659147,Data
451432.0536490082,Data
115774.72288493486,Data
186506.5241623554,Data
155244.65618152346,Data
51024.06983383598,Data
302491.800253112,Data
408257.51170607033,Data
124649.38320660238,Data
340328.4634418337,Data
270718.0899721049,Data
340490.1359230012,Data
349679.1757666449,Data
381166.604414868,Data
307144.974182368,Data
482373.90950974944,Data
494199.600289844,Data
346693.63749783207,Data
150689.06870887446,Data
472533.06998014497,Data
162832.06089708855,Data
188787.47315789736,Data
168194.06107201398,Data
216660.97430168028,Data
220745.4212587364,Data
134126.51169327507,Data
402705.8586482598,Data
207841.11958400416,Data
175974.4729129498,Data
331291.5768012992,Data
122481.4756740212,Data
84982.92855196392,Data
387486.4288732056,Data
323390.700702724,Data
407393.09306407097,Data
206740.3218728544,Data
289785.75739858137,Data
483488.1345495733,Data
359889.54245829623,Data
73092.59128421843,Data
73662.52191700775,Data
355954.63378689485,Data
370734.32283903466,Data
362914.1615287477,Data
190971.11962056463,Data
77209.43881017214,Data
329320.79381918546,Data
475613.0222632653,Data
86388.05678801463,Data
165270.94744042677,Data
79579.68162743667,Data
422947.2066607661,Data
244366.88908873044,Data
346273.4977765172,Data
420255.2227272543,Data
179229.76787545165,Data
499308.42487620586,Data
195430.176164681,Data
327317.7355857181,Data
53909.622631178645,Data
300054.9991409257,Data
491399.5100680451,Data
407674.63896162633,Data
60256.17471307645,Data
367782.1475425451,Data
141616.79265184503,Data
243813.02832561088,Data
362893.9487220504,Data
77423.66149206982,Data
176332.72079567006,Data
81154.83343635633,Data
102110.27316413797,Data
484408.7060908967,Data
463454.5322288128,Data
92996.39606096548,Data
337069.6497857745,Data
275735.2950622923,Data
315748.87963015377,Data
361687.3991796217,Data
144732.59050897555,Data
319122.6133013118,Data
263179.95966368355,Data
290099.5623129476,Data
281745.83564231475,Data
164590.0155505272,Data
291278.2068540772,Data
266089.47172877146,Data
490948.3485552973,Data
391365.1011233087,Data
98929.94109690563,Data
299961.4608345855,Data
364065.0695520037,Data
308530.1403975064,Data
442210.9372952489,Data
413291.8612542455,Data
256296.79026947095,Data
182281.0216754301,Data
164329.1351132972,Data
161284.40897241113,Data
213552.53846444096,Data
330604.51805898023,Data
368257.3492389228,Data
254190.1652032629,Data
275695.5453378672,Data
228154.4929077102,Data
126312.83462447573,Data
494501.8488695388,Data
446836.21067924856,Data
337798.2906251079,Data
392192.46685436,Data
160336.36949173955,Data
397406.22840625775,Data
56067.21206384512,Data
390860.836333656,Data
238552.71322932103,Data
367032.7122042631,Data
385449.24800327007,Data
397426.17950651766,Data
119902.75405475034,Data
79172.94214764412,Data
429957.52407933073,Data
111725.1817590069,Data
305079.6586865651,Data
387565.2845284561,Data
156097.3485588709,Data
111129.9765933938,Data
383987.3081204779,Data
489313.4354107233,Data
283230.3288545569,Data
51192.4879100312,Data
310871.8778095652,Data
292041.2370918047,Data
369365.0952875609,Data
270031.99573683896,Data
479126.3352840159,Data
250535.7684141565,Data
170719.56183568892,Data
214908.0907147253,Data
414264.664764649,Data
157621.76153745246,Data
495740.4153971824,Data
272990.9775898806,Data
64850.85411139198,Data
422249.3237744752,Data
497938.0228155677,Data
211852.80375753297,Data
459534.1789287595,Data
284741.4522935768,Data
434828.5279956925,Data
288733.0662386848,Data
128570.6132576492,Data
298740.6302894084,Data
221418.41173471752,Data
222630.39676148,Data
421619.634211692,Data
214657.0570595685,Data
347087.0653143012,Data
445465.2248047657,Data
436105.7122204252,Data
137716.87558553074,Data
125514.30099792183,Data
452581.9508841179,Data
367870.6896530113,Data
202402.58438163725,Data
178760.066193988,Data
286598.6554388533,Data
155470.28598735595,Data
344193.3601887428,Data
141515.0598639054,Data
331031.9956529111,Data
259109.29729014705,Data
408206.148701351,Data
283214.4515777391,Data
470525.302485385,Data
494225.7460802936,Data
434048.5605275891,Data
395413.3144598218,Data
155573.64586018928,Data
231912.16028428896,Data
259502.5362777635,Data
171047.8579261799,Data
64971.04941396253,Data
171961.52165485785,Data
173338.26805976982,Data
80075.72748157187,Data
450395.240780241,Data
281530.6119877995,Data
454173.6490670412,Data
141938.87311720682,Data
334675.652597636,Data
469633.5776456336,Data
322982.92641273065,Data
337316.0975202725,Data
117316.26538156808,Data
170244.36617730453,Data
398327.8780262788,Data
432654.1322804836,Data
441090.3236206623,Data
277951.82011816255,Data
492417.26733970025,Data
241762.30586321303,Data
436118.9282690491,Data
167464.26699272892,Data
204997.4734028529,Data
496060.8905228381,Data
461130.7615726717,Data
407867.9607942262,Data
65220.8468553945,Data
443512.84097138233,Data
397601.1914937465,Data
162795.30925498012,Data
168965.18066715408,Data
236334.27510044063,Data
350907.4216093406,Data
436661.2157502373,Data
167346.92053771293,Data
403823.28470405645,Data
65922.99942136985,Data
359850.58009889873,Data
363019.3021114388,Data
50927.01823783607,Data
334888.8369811491,Data
244802.46441419225,Data
407570.88526608114,Data
203370.12201935836,Data
236095.28135998992,Data
421951.7101915904,Data
425618.157384893,Data
481002.5130609695,Data
232878.0393490093,Data
265744.6523678142,Data
266105.4718843448,Data
265415.4863494276,Data
66012.35932678585,Data
409529.556455407,Data
494160.3604057302,Data
255029.29385020907,Data
477235.4074428495,Data
469472.20963289513,Data
116012.15040934629,Data
260905.06259328764,Data
272037.4091122035,Data
151397.74857281844,Data
179920.93542816816,Data
464801.1949111063,Data
127481.52461257605,Data
206366.03881350465,Data
366424.0826820754,Data
168453.68416993023,Data
88239.1565330874,Data
244963.43345473628,Data
369766.8111343544,Data
98539.51676892865,Data
321870.1218738104,Data
348273.47350933176,Data
492580.43575992616,Data
362980.1072443474,Data
165850.42593682016,Data
293888.7289443132,Data
320056.1479145074,Data
423235.46323685214,Data
268945.1184843046,Data
97488.1705098333,Data
365951.9432987726,Data
52399.91957862977,Data
364425.12333447696,Data
368088.4484251824,Data
212950.9877895692,Data
221804.58637822315,Data
339843.52075388987,Data
263454.304576965,Data
379155.9924895012,Data
235849.89989021115,Data
438905.3346437191,Data
407359.3392154337,Data
80080.71524630001,Data
267411.1662534001,Data
448465.2625532307,Data
439107.2316093273,Data
448264.1786662036,Data
184195.1045041569,Data
476223.4939582215,Data
152208.25727554865,Data
321872.6304559884,Data
293381.7568619802,Data
204158.09443232603,Data
78082.41825100934,Data
346004.279446985,Data
184619.2066447387,Data
376304.4631844436,Data
68114.83812827579,Data
208902.8072674984,Data
262794.12953116593,Data
444594.0863277725,Data
396559.6944049948,Data
70951.12130174751,Data
332902.7334845984,Data
224501.995260018,Data
246283.7002772464,Data
122661.69139983658,Data
325218.3900823188,Data
483078.9043283514,Data
460318.1875410189,Data
63022.16255744119,Data
309445.5640393965,Data
100840.08042711989,Data
222334.7129533498,Data
327366.6709758728,Data
407468.2186031585,Data
259523.82332803088,Data
284561.155929262,Data
365857.1809109129,Data
61615.85698201386,Data
310772.7074613095,Data
147601.96336919878,Data
460416.5974962263,Data
227243.31938923645,Data
290327.1993828921,Data
170738.34913858754,Data
498444.9870664545,Data
138418.46173569892,Data
158011.2331323342,Data
309791.61646145885,Data
312203.6083949491,Data
259072.73665248853,Data
193192.39511222503,Data
389339.9105909828,Data
353973.3688124063,Data
453955.5273400118,Data
324185.7508317851,Data
449107.6720528852,Data
200699.35572947297,Data
160418.19748470708,Data
261892.1229244404,Data
229206.27918231327,Data
461376.15536993,Data
244865.85849177756,Data
151593.7251991249,Data
109684.24638981427,Data
486936.8300430578,Data
105044.47934080998,Data
84992.2094144536,Data
468059.8582567129,Data
277397.5478653916,Data
346618.69329505146,Data
466534.1832353136,Data
179458.0054359804,Data
84460.22922474178,Data
257969.9178371762,Data
308629.4143147875,Data
209651.05648677325,Data
275758.6959407605,Data
156271.92528192286,Data
245919.75737685408,Data
173153.03840392182,Data
96667.51513933476,Data
166092.83364496008,Data
301386.5120703683,Data
250591.1058881532,Data
474146.0324493754,Data
375933.54122264864,Data
77690.61322865816,Data
147761.53868590412,Data
207312.32086930567,Data
120419.76529940964,Data
93945.05396776616,Data
317030.5543142756,Data
356322.1066754388,Data
290433.65407270973,Data
341688.1511940089,Data
122969.45402945516,Data
96854.52995761888,Data
187052.1867874215,Data
430496.5944688232,Data
451817.7946807752,Data
236575.29797982797,Data
428703.3590434571,Data
264826.32419570046,Data
299036.4316328322,Data
197779.804746875,Data
56598.95750408842,Data
182221.18394852435,Data
226915.9222107487,Data
161675.67909284518,Data
94033.97787121654,Data
461837.79686263175,Data
377923.3001115501,Data
188447.1109284541,Data
54202.2488868326,Data
193320.544194143,Data
367057.4415605989,Data
84610.23417330137,Data
144790.52015145868,Data
480021.8269699365,Data
137019.62088901363,Data
402769.2626765351,Data
415563.0587007098,Data
129492.40285635406,Data
233807.30173217348,Data
290702.92369675514,Data
398248.44802102185,Data
153083.3471601867,Data
322690.47244508227,Data
273826.91698125866,Data
487191.5703122946,Data
229602.86033665825,Data
238197.84357747465,Data
131598.83419465378,Data
350619.5146047055,Data
434256.73643527617,Data
323314.86770595564,Data
447673.615754178,Data
460674.02524732257,Data
60940.35558535873,Data
342221.46201457194,Data
250964.04760793212,Data
98693.67033160078,Data
450051.3924467422,Data
241798.50900420384,Data
419844.30670934496,Data
62353.45215701092,Data
458681.4308268715,Data
77918.08542130957,Data
471640.9460549001,Data
242228.99238504047,Data
84471.23004271493,Data
415773.1884252846,Data
480607.2701121165,Data
101667.11814407018,Data
203751.94340845168,Data
252963.67639762175,Data
83804.9971622593,Data
468456.8822380024,Data
141910.20335485906,Data
315536.0202140461,Data
164030.28429350152,Data
205312.3287451316,Data
54606.95142392959,Data
287953.2090844393,Data
119853.85140725192,Data
490512.62035275,Data
268065.7078144266,Data
352075.4414650844,Data
64984.85241713347,Data
78387.77121379913,Data
403920.5426856194,Data
367488.7160194493,Data
98421.33478602,Data
191036.89735892767,Data
84545.39291342898,Data
334912.95550421235,Data
458494.0232081177,Data
381026.9410878193,Data
372306.40094780776,Data
338732.4741312768,Data
361080.248944238,Data
472757.8321826708,Data
64722.912239609424,Data
361538.6508501647,Data
374698.9913870364,Data
225440.03036143348,Data
150861.3162220929,Data
100125.1404685938,Data
438411.19822307833,Data
154182.34745614562,Data
207884.8117727917,Data
139087.98328090552,Data
150970.51468093542,Data
197696.59771665305,Data
290851.3617431994,Data
335851.2644015051,Data
206496.6558161549,Data
276591.0092517385,Data
322095.5581482839,Data
281080.5163009628,Data
136326.91555162903,Data
72669.84368926453,Data
233035.72474372885,Data
486829.0662754022,Data
165730.0505612291,Data
221903.57216217392,Mean of 5
175787.3010572011,Mean of 5
278247.9028047297,Mean of 5
228697.55595501038,Mean of 5
335985.22122906416,Mean of 5
314860.07840917975,Mean of 5
270309.1149372371,Mean of 5
292063.374640694,Mean of 5
222730.05054619358,Mean of 5
287430.04265948647,Mean of 5
354794.3196607108,Mean of 5
213870.00170044685,Mean of 5
275769.111859209,Mean of 5
141545.33417819592,Mean of 5
349110.61090432014,Mean of 5
236907.26852946758,Mean of 5
230933.85257484944,Mean of 5
281207.58619988116,Mean of 5
295327.4329160087,Mean of 5
393048.4994733895,Mean of 5
308138.3939005924,Mean of 5
203578.12683374973,Mean of 5
307748.60218443617,Mean of 5
249759.74047726375,Mean of 5
321191.49649586173,Mean of 5
176816.00054533896,Mean of 5
368668.34556789824,Mean of 5
205099.19476708616,Mean of 5
178215.27218650247,Mean of 5
291452.00724899373,Mean of 5
397622.30798788613,Mean of 5
263765.9236582314,Mean of 5
294725.6864499642,Mean of 5
273838.35328183987,Mean of 5
180884.20645967356,Mean of 5
316527.8241570611,Mean of 5
284885.4640005775,Mean of 5
292966.26434028556,Mean of 5
251301.94976359242,Mean of 5
252911.44885195763,Mean of 5
338866.8386471145,Mean of 5
330750.73726441397,Mean of 5
221404.14871530686,Mean of 5
226499.8528088581,Mean of 5
290327.68917823076,Mean of 5
199623.84321080017,Mean of 5
303052.9496131836,Mean of 5
352603.91649993893,Mean of 5
193298.34192394224,Mean of 5
299811.37335292995,Mean of 5
397269.7930799922,Mean of 5
228280.7562473257,Mean of 5
378225.80554302223,Mean of 5
342748.09248709667,Mean of 5
310520.44913630385,Mean of 5
247220.69828408584,Mean of 5
259218.60481066472,Mean of 5
291662.20798783685,Mean of 5
232932.46161363513,Mean of 5
293737.13386502006,Mean of 5
294009.6560408137,Mean of 5
318546.8342496149,Mean of 5
213869.02678606022,Mean of 5
382603.2469960697,Mean of 5
144112.57052007923,Mean of 5
354682.58726431965,Mean of 5
350450.07770768256,Mean of 5
215786.5384699359,Mean of 5
270564.67407190084,Mean of 5
335226.5780865827,Mean of 5
307639.3229034047,Mean of 5
324115.42820576736,Mean of 5
383450.45640810847,Mean of 5
405600.4573576086,Mean of 5
222324.65952260327,Mean of 5
262495.1761551245,Mean of 5
321933.4038720697,Mean of 5
287009.40104219527,Mean of 5
213142.66701632453,Mean of 5
264002.0348537468,Mean of 5
245382.70487511693,Mean of 5
215011.20378485677,Mean of 5
217385.4194711544,Mean of 5
342948.20588567154,Mean of 5
217996.043553328,Mean of 5
327231.75589948695,Mean of 5
167838.72940231036,Mean of 5
210162.76161412647,Mean of 5
305234.5574366188,Mean of 5
352645.9112861231,Mean of 5
237886.7105265661,Mean of 5
252472.91927427967,Mean of 5
283955.75332428113,Mean of 5
295482.5636926499,Mean of 5
350738.32719562005,Mean of 5
307098.5119894017,Mean of 5
221397.56028425228,Mean of 5
238930.08089379966,Mean of 5
351761.2346515446,Mean of 5
237799.01595819238,Mean of 5
284153.16644125833,Mean of 5
360478.8346647538,Mean of 5
239752.79069252452,Mean of 5
271040.64216110023,Mean of 5
310645.7442579848,Mean of 5
248341.21858135946,Mean of 5
185083.88551001353,Mean of 5
329574.5950528961,Mean of 5
312849.56897513394,Mean of 5
275451.300106429,Mean of 5
274287.38781793707,Mean of 5
247410.826880064,Mean of 5
266563.71210946376,Mean of 5
347060.61845859914,Mean of 5
297800.5752996536,Mean of 5
236143.07352460193,Mean of 5
293310.9788856913,Mean of 5
406338.97511873103,Mean of 5
369100.5377739693,Mean of 5
233937.40712675947,Mean of 5
143383.78588382847,Mean of 5
324594.7422913009,Mean of 5
240439.0761351074,Mean of 5
269900.9891957898,Mean of 5
341349.1154675003,Mean of 5
269933.97546051187,Mean of 5
171070.3421178853,Mean of 5
253233.97502677445,Mean of 5
281324.2763882584,Mean of 5
304647.74610047904,Mean of 5
362474.82566075405,Mean of 5
274892.5146587511,Mean of 5
271226.86169756146,Mean of 5
269353.4007392574,Mean of 5
187282.97308561587,Mean of 5
241801.70225815958,Mean of 5
257512.88449774808,Mean of 5
305249.35878330155,Mean of 5
331850.09699666005,Mean of 5
261961.48839525218,Mean of 5
292951.6750339306,Mean of 5
228960.20070046844,Mean of 5
267456.22528011276,Mean of 5
344079.341055542,Mean of 5
320438.764315226,Mean of 5
230673.37142134877,Mean of 5
252238.11311670515,Mean of 5
323797.5830024116,Mean of 5
256025.09951244877,Mean of 5
309131.8181160576,Mean of 5
349415.28074772755,Mean of 5
251864.77345089545,Mean of 5
322526.0892777414,Mean of 5
297156.1715016715,Mean of 5
269602.83521675906,Mean of 5
228669.94147985615,Mean of 5
383854.45713542344,Mean of 5
236454.20940316105,Mean of 5
274002.33496165456,Mean of 5
320463.96760447463,Mean of 5
321781.58193842665,Mean of 5
268685.2255939719,Mean of 5
203360.3392872471,Mean of 5
279995.76679298794,Mean of 5
172684.04301427692,Mean of 5
270825.89139450504,Mean of 5
238764.65516689257,Mean of 5
313462.00691642036,Mean of 5
265140.4900384123,Mean of 5
285802.6703109994,Mean of 5
302164.71465383575,Mean of 5
249084.17077410678,Mean of 5
297315.71503146255,Mean of 5
329393.58737166214,Mean of 5
397132.4325457,Mean of 5
285035.2276930892,Mean of 5
326217.5493813775,Mean of 5
400421.4380753913,Mean of 5
306754.83523306187,Mean of 5
283505.88713934144,Mean of 5
366862.9514769978,Mean of 5
280222.21411428,Mean of 5
272195.4043924289,Mean of 5
190039.2701100308,Mean of 5
308801.49414996855,Mean of 5
346815.47896305594,Mean of 5
316243.97754858946,Mean of 5
107994.0535676477,Mean of 5
299279.18800416694,Mean of 5
289437.1586213789,Mean of 5
359830.74849144474,Mean of 5
327924.20572490897,Mean of 5
313846.642355275,Mean of 5
233420.76222593704,Mean of 5
209393.47715497238,Mean of 5
232751.36854599937,Mean of 5
153615.76009069514,Mean of 5
182291.01531820287,Mean of 5
314600.04294155876,Mean of 5
232727.91609906248,Mean of 5
282357.67134261865,Mean of 5
176614.24801506117,Mean of 5
211922.2510689266,Mean of 5
304430.57923118677,Mean of 5
378233.8623124832,Mean of 5
314802.95463200833,Mean of 5
157051.12572356398,Mean of 5
264710.85787279153,Mean of 5
264605.16248094133,Mean of 5
353264.7656789675,Mean of 5
254884.07286493146,Mean of 5
177219.62989088675,Mean of 5
326906.29481345415,Mean of 5
236630.573465401,Mean of 5
271695.8327969775,Mean of 5
201690.43099682737,Mean of 5
311599.90200249874,Mean of 5
404145.2882334374,Mean of 5
294868.88319775194,Mean of 5
286833.9848960261,Mean of 5
171538.62066107764,Mean of 5
248522.5236487722,Mean of 5
327963.55491293233,Mean of 5
271485.2253670577,Mean of 5
223724.54095133828,Mean of 5
294710.9681445592,Mean of 5
204155.74800809583,Mean of 5
355741.25291671825,Mean of 5
287140.6468884929,Mean of 5
334954.48794878286,Mean of 5
274765.99208470155,Mean of 5
265527.97885561275,Mean of 5
322082.96130894363,Mean of 5
128293.86618320543,Mean of 5
247340.09152425296,Mean of 5
250864.01971960306,Mean of 5
312678.8638669621,Mean of 5
262216.11819176935,Mean of 5
350251.25512202823,Mean of 5
257914.761588687,Mean of 5
235389.41133205593,Mean of 5
307382.6909890195,Mean of 5
187904.99274136074,Mean of 5
350510.46835709206,Mean of 5
252505.11234134328,Mean of 5
255049.44783396384,Mean of 5
333000.3789916284,Mean of 5
199973.5654716033,Mean of 5
363802.66610134876,Mean of 5
182165.4811640203,Mean of 5
320799.0628106024,Mean of 5
368450.96289820195,Mean of 5
311522.62170349807,Mean of 5
243221.51574571928,Mean of 5
209077.36029949674,Mean of 5
250632.26279086518,Mean of 5
325321.6288115751,Mean of 5
230403.9424355126,Mean of 5
290493.1077877674,Mean of 5
204778.1764551483,Mean of 5
261606.38750281962,Mean of 5
363514.28933179035,Mean of 5
243848.42865435523,Mean of 5
277943.39594025916,Mean of 5
366190.60055706644,Mean of 5
334736.7763139557,Mean of 5
210317.09420835008,Mean of 5
261031.13394703,Mean of 5
290482.09223857796,Mean of 5
191759.9536966505,Mean of 5
325311.4220963794,Mean of 5
270248.8258976675,Mean of 5
253128.1169086216,Mean of 5
240598.99729358178,Mean of 5
260209.8584946051,Mean of 5
322835.2831456123,Mean of 5
277943.3159525183,Mean of 5
327504.9132152146,Mean of 5
290484.0708044212,Mean of 5
243307.20060662934,Mean of 5
295160.9922198906,Mean of 5
204265.09841390987,Mean of 5
206253.84653666214,Mean of 5
266232.902398331,Mean of 5
332383.2798138766,Mean of 5
203592.26957113156,Mean of 5
185559.50286502406,Mean of 5
263934.03506990947,Mean of 5
184410.747658075,Mean of 5
265820.5573696427,Mean of 5
187225.37584372849,Mean of 5
210075.50694473632,Mean of 5
266010.74737633753,Mean of 5
194889.1309416496,Mean of 5
249468.11226630202,Mean of 5
370049.33951505215,Mean of 5
290786.88222436054,Mean of 5
371161.90475570655,Mean of 5
218158.15592992306,Mean of 5
344988.0499141746,Mean of 5
310781.9584514698,Mean of 5
285694.36314624146,Mean of 5
291592.50721573585,Mean of 5
249539.4929037365,Mean of 5
249656.10453692047,Mean of 5
303773.6014253717,Mean of 5
186107.28327868454,Mean of 5
323132.09605961246,Mean of 5
229452.63141402515,Mean of 5
310011.75856096076,Mean of 5
323425.2817903697,Mean of 5
206002.11008004163,Mean of 5
192852.41197603237,Mean of 5
195506.80728923576,Mean of 5
247648.23449786892,Mean of 5
226663.6516396013,Mean of 5
191882.9564646646,Mean of 5
235733.149608863,Mean of 5
288392.02625074575,Mean of 5
279862.6390947621,Mean of 5
198239.07011222251,Mean of 5
269196.1264310335,Mean of 5
189643.19667021284,Mean of 5
306687.46163189906,Mean of 5
204248.71811562174,Mean of 5
297596.89031106245,Mean of 5
320374.8545879278,Mean of 5
342402.2461848789,Mean of 5
346064.735883025,Mean of 5
312172.49807464704,Mean of 5
364901.5672220312,Mean of 5
263414.7153075249,Mean of 5
377551.1624586823,Mean of 5
271963.0067123187,Mean of 5
329247.124810325,Mean of 5
217382.75717313224,Mean of 5
144940.60485700078,Mean of 5
396353.40366849385,Mean of 5
283275.0214669119,Mean of 5
285411.2295326203,Mean of 5
301986.62325534,Mean of 5
311935.80432559375,Mean of 5
218068.8239221968,Mean of 5
212077.4030219027,Mean of 5
330078.90231401473,Mean of 5
260738.97527339403,Mean of 5
261986.9702704067,Mean of 5
235110.57174111553,Mean of 5
305757.32393114653,Mean of 5
187633.1305049655,Mean of 5
303802.21411176265,Mean of 5
364806.05794899835,Mean of 5
338371.23622677254,Mean of 5
301332.84575022984,Mean of 5
196235.51660589606,Mean of 5
272873.92094042775,Mean of 5
261979.54505709693,Mean of 5
285724.5712565227,Mean of 5
255657.0139239606,Mean of 5
284631.2238582341,Mean of 5
287196.195707767,Mean of 5
266749.1148548193,Mean of 5
360498.9849994094,Mean of 5
335682.49425192585,Mean of 5
294038.3290286894,Mean of 5
359140.5462296077,Mean of 5
311012.305943729,Mean of 5
278850.71625060536,Mean of 5
363088.3047475852,Mean of 5
342468.79175492446,Mean of 5
323980.3238616168,Mean of 5
201693.49101037238,Mean of 5
339198.9596393686,Mean of 5
316057.82766423846,Mean of 5
278405.35291389015,Mean of 5
412166.5875883581,Mean of 5
232190.16463750452,Mean of 5
357022.69069476455,Mean of 5
268090.3384648756,Mean of 5
302315.66163899936,Mean of 5
308526.5597448035,Mean of 5
319565.10343913233,Mean of 5
211947.74768698408,Mean of 5
341461.0395490593,Mean of 5
324384.332447601,Mean of 5
251676.28743814427,Mean of 5
262272.98470546195,Mean of 5
170579.1137150174,Mean of 5
380182.8682745213,Mean of 5
181182.26277631568,Mean of 5
265792.7293840498,Mean of 5
206608.48262448935,Mean of 5
272755.623292543,Mean of 5
180143.49714623962,Mean of 5
236397.6216664571,Mean of 5
259067.98434946412,Mean of 5
243819.84248420346,Mean of 5
313608.4058749491,Mean of 5
272892.58492980094,Mean of 5
273902.2228370125,Mean of 5
238151.8411651818,Mean of 5
306272.0804858033,Mean of 5
387094.42748672585,Mean of 5
250702.22626735113,Mean of 5
231582.9966360911,Mean of 5
245843.725963418,Mean of 5
294224.8724070849,Mean of 5
297995.26831517264,Mean of 5
325005.1108820465,Mean of 5
351918.6977249857,Mean of 5
279734.01284288254,Mean of 5
264923.1552869488,Mean of 5
133287.44285568764,Mean of 5
225400.00593805284,Mean of 5
284143.70605237415,Mean of 5
239996.6812290166,Mean of 5
229220.29069987885,Mean of 5
291840.0025083954,Mean of 5
184389.4679207423,Mean of 5
205087.18925629684,Mean of 5
239568.5045543722,Mean of 5
337526.6808375019,Mean of 5
397712.7603283941,Mean of 5
360372.8038038033,Mean of 5
286780.9523108962,Mean of 5
191787.4925262052,Mean of 5
166969.34457359783,Mean of 5
319763.418552191,Mean of 5
253304.31774900123,Mean of 5
141054.14817748667,Mean of 5
363097.2672290991,Mean of 5
204191.18936890824,Mean of 5
267588.3821951258,Mean of 5
273325.20856021193,Mean of 5
192601.68631804147,Mean of 5
246516.26507173976,Mean of 5
361466.65446886176,Mean of 5
292912.09183693735,Mean of 5
208961.2761537893,Mean of 5
403180.3228590468,Mean of 5
294504.7822384151,Mean of 5
201272.28221705728,Mean of 5
418277.35106035403,Mean of 5
152334.53572776174,Mean of 5
333345.05472913943,Mean of 5
300643.60127338785,Mean of 5
287114.2905657108,Mean of 5
198508.4284228989,Mean of 5
212704.68081428026,Mean of 5
293949.95270263666,Mean of 5
213913.62627949618,Mean of 5
371685.88851815235,Mean of 5
252176.56374965893,Mean of 5
259102.19510224057,Mean of 5
284199.3217724913,Mean of 5
269528.1015771382,Mean of 5
164575.1384286257,Mean of 5
200430.8505025517,Mean of 5
249238.16109951056,Mean of 5
160378.99055458102,Mean of 5
252698.77280033403,Mean of 5
314146.2816273492,Mean of 5
363688.7706356266,Mean of 5
346047.33078960795,Mean of 5
280657.73541849444,Mean of 5
240085.58912621206,Mean of 5
346183.21877532767,Mean of 5
341399.03626691893,Mean of 5
368922.33518301445,Mean of 5
249239.7141534662,Mean of 5
358035.32434205967,Mean of 5
177385.07354857586,Mean of 5
275131.69777100766,Mean of 5
373888.67624497786,Mean of 5
261269.97905595554,Mean of 5
187169.26322225967,Mean of 5
253918.15675507585,Mean of 5
347137.43330801616,Mean of 5
215854.87875480502,Mean of 5
226864.76834378584,Mean of 5
329426.87608589715,Mean of 5
299427.16041642334,Mean of 5
312221.9333504456,Mean of 5
293853.4711402029,Mean of 5
322604.386152345,Mean of 5
270161.66803746496,Mean of 5
235871.57270489066,Mean of 5
369539.60765841726,Mean of 5
364194.8767715067,Mean of 5
329776.9653722968,Mean of 5
376764.48628615524,Mean of 5
264156.5807093538,Mean of 5
244770.03041350213,Mean of 5
277403.0665994099,Mean of 5
236736.5866655722,Mean of 5
256168.1309808585,Mean of 5
322997.5003530275,Mean of 5
216080.53474198337,Mean of 5
212033.01906010424,Mean of 5
318353.12155994924,Mean of 5
184278.750334773,Mean of 5
305703.1645610038,Mean of 5
312145.04210758145,Mean of 5
258403.82649128902,Mean of 5
252326.65899043187,Mean of 5
225343.4643746678,Mean of 5
237042.179913019,Mean of 5
374426.85002258193,Mean of 5
339790.78167037776,Mean of 5
331430.76679293404,Mean of 5
219233.96287132107,Mean of 5
333399.89276724943,Mean of 5
305651.22696984827,Mean of 5
319633.7251041578,Mean of 5
290385.8015273165,Mean of 5
320010.3089746342,Mean of 5
316934.2784735647,Mean of 5
250982.58178725574,Mean of 5
285875.0678150576,Mean of 5
259258.32386674677,Mean of 5
400725.87453179725,Mean of 5
213990.31705892007,Mean of 5
241361.8911880346,Mean of 5
211777.63886536667,Mean of 5
157523.74327398726,Mean of 5
313231.9722157318,Mean of 5
258569.017158736,Mean of 5
354031.4816974681,Mean of 5
266710.5834165461,Mean of 5
299063.0340426847,Mean of 5
230642.9242561548,Mean of 5
165802.71971208992,Mean of 5
266756.3461989565,Mean of 5
192428.30800197815,Mean of 5
347450.09816943173,Mean of 5
239353.36119032674,Mean of 5
258004.9829298451,Mean of 5
289343.93221325445,Mean of 5
152644.11860457322,Mean of 5
324075.6794067354,Mean of 5
179504.02751764696,Mean of 5
298359.55495526537,Mean of 5
250594.53360875338,Mean of 5
346964.4716310641,Mean of 5
311723.88877192105,Mean of 5
329147.1181091272,Mean of 5
357097.45687635057,Mean of 5
223821.8689011808,Mean of 5
247478.96484805743,Mean of 5
258523.84845265318,Mean of 5
243200.63896097016,Mean of 5
257719.52096884567,Mean of 5
251930.7360324838,Mean of 5
189480.40456033268,Mean of 5
307770.5808565211,Mean of 5
294338.9091055572,Mean of 5
218712.68658218574,Mean of 5
307325.38395461964,Mean of 5
256158.62924792507,Mean of 5
305802.55015560344,Mean of 5
266849.6484165862,Mean of 5
285205.3839517414,Mean of 5
259652.9153158864,Mean of 5
232465.12446369752,Mean of 5
167078.6284882464,Mean of 5
198225.54572807878,Mean of 5
277862.1575628843,Mean of 5
262739.71275115304,Mean of 5
126984.78516448647,Mean of 5
292180.33427684696,Mean of 5
343434.2089138376,Mean of 5
289132.2492769753,Mean of 5
251490.97090538638,Mean of 5
364529.05916226614,Mean of 5
307877.6484245851,Mean of 5
293085.90088263585,Mean of 5
230050.7315492772,Mean of 5
249542.7785063389,Mean of 5
318244.54190421384,Mean of 5
223822.23038879293,Mean of 5
274062.84723668394,Mean of 5
258019.7665264425,Mean of 5
192232.465468685,Mean of 5
322750.115927314,Mean of 5
327653.77070506616,Mean of 5
203601.2059308241,Mean of 5
306045.7176427966,Mean of 5
244307.32178971026,Mean of 5
318839.6469146522,Mean of 5
249663.5663947253,Mean of 5
219977.2376055817,Mean of 5
347593.4183028199,Mean of 5
267720.82102953986,Mean of 5
332270.885590376,Mean of 5
147696.3040630804,Mean of 5
219741.98252637993,Mean of 5
221992.25694091237,Mean of 5
314381.4101407211,Mean of 5
281917.5066332194,Mean of 5
255968.68981372775,Mean of 5
409290.6214199814,Mean of 5
240307.14196855848,Mean of 5
294006.700556082,Mean of 5
213616.74005449907,Mean of 5
226759.16904317884,Mean of 5
290245.38482348074,Mean of 5
190243.18346510845,Mean of 5
235772.45390283363,Mean of 5
257020.78236796288,Mean of 5
261816.43253129954,Mean of 5
269194.639134877,Mean of 5
220828.13469392987,Mean of 5
260076.2279627583,Mean of 5
243458.01252175885,Mean of 5
165522.382886409,Mean of 5
255922.10535321478,Mean of 5
284570.42644648755,Mean of 5
246988.9749769091,Mean of 5
308417.4563878895,Mean of 5
324972.5488126414,Mean of 5
203419.48883517119,Mean of 5
280361.57352607895,Mean of 5
198346.70512679024,Mean of 5
299286.66806284385,Mean of 5
307268.1341991207,Mean of 5
366754.83827647555,Mean of 5
300376.7022026864,Mean of 5
288650.9093060659,Mean of 5
316182.11992827326,Mean of 5
240911.23201598995,Mean of 5
230692.3726044,Mean of 5
278183.80330515746,Mean of 5
293482.6696788032,Mean of 5
136843.88939173686,Mean of 5
310369.6282557938,Mean of 5
339792.8166778259,Mean of 5
216551.54172416116,Mean of 5
189850.07663171142,Mean of 5
236443.78386463132,Mean of 5
343486.9834359468,Mean of 5
293104.40643210564,Mean of 5
225976.4287359016,Mean of 5
178014.16880274154,Mean of 5
275470.28526512446,Mean of 5
245436.407462913,Mean of 5
275183.998563004,Mean of 5
368995.60162482003,Mean of 5
253609.92504468112,Mean of 5
232488.39358739852,Mean of 5
224471.85787666123,Mean of 5
204756.21096002072,Mean of 5
281229.671982705,Mean of 5
353775.766734768,Mean of 5
262931.8523346097,Mean of 5
295375.67032651947,Mean of 5
216610.9931460674,Mean of 5
250402.16978340008,Mean of 5
344174.32818885124,Mean of 5
361852.83551165194,Mean of 5
306536.9501731996,Mean of 5
317270.711920703,Mean of 5
353407.2257944538,Mean of 5
228708.62068783672,Mean of 5
146608.20991209187,Mean of 5
287281.40153771796,Mean of 5
432949.01053662674,Mean of 5
187366.4582371162,Mean of 5
287014.0528591535,Mean of 5
356364.306363123,Mean of 5
309191.6206242969,Mean of 5
316027.87559023226,Mean of 5
267119.4580708777,Mean of 5
218716.72153666383,Mean of 5
296040.8889498318,Mean of 5
296547.60566029535,Mean of 5
266917.36528629647,Mean of 5
302010.4992317797,Mean of 5
314627.8782302629,Mean of 5
320631.3396412708,Mean of 5
325461.8797823692,Mean of 5
318854.5534602127,Mean of 5
229763.7792398904,Mean of 5
193977.1674387494,Mean of 5
373975.7079014764,Mean of 5
238476.65010030995,Mean of 5
214435.08770822073,Mean of 5
280983.21954203316,Mean of 5
252449.3679480835,Mean of 5
259189.36721020658,Mean of 5
350703.1917772815,Mean of 5
328741.2731638156,Mean of 5
214784.68571666157,Mean of 5
237340.53796102497,Mean of 5
300135.21366290504,Mean of 5
238088.14186858255,Mean of 5
320489.5031644,Mean of 5
342350.982434273,Mean of 5
336294.52780066873,Mean of 5
266633.2576887849,Mean of 5
240310.63597861095,Mean of 5
321473.8414232006,Mean of 5
346458.80833545624,Mean of 5
211365.9314024475,Mean of 5
292985.6134165259,Mean of 5
276807.03648298414,Mean of 5
319606.94018763176,Mean of 5
331040.94397789985,Mean of 5
190744.52527844923,Mean of 5
165579.6734542619,Mean of 5
209134.29637011426,Mean of 5
291191.0901818803,Mean of 5
219341.85839485266,Mean of 5
234957.548303305,Mean of 5
288399.424222358,Mean of 5
216327.66900024834,Mean of 5
216636.0369875819,Mean of 5
121051.42297394908,Mean of 5
200673.9845448442,Mean of 5
295759.1584170855,Mean of 5
227252.41298275007,Mean of 5
341140.35114051506,Mean of 5
232725.74697701642,Mean of 5
419565.53157563356,Mean of 5
219081.5399297703,Mean of 5
281675.6940534135,Mean of 5
159877.4514678553,Mean of 5
255834.7477261175,Mean of 5
241956.8689913773,Mean of 5
319635.35558854893,Mean of 5
161092.63923601437,Mean of 5
301218.5114697423,Mean of 5
284619.83224382263,Mean of 5
377753.3761335912,Mean of 5
239205.07613607994,Mean of 5
286625.225688757,Mean of 5
190338.24069063007,Mean of 5
217020.3829858698,Mean of 5
261929.45491693867,Mean of 5
333236.3895671255,Mean of 5
262326.74747793155,Mean of 5
187144.201134294,Mean of 5
406917.78564123536,Mean of 5
269891.58751508145,Mean of 5
246873.1024939677,Mean of 5
338369.4888648304,Mean of 5
315752.2687955489,Mean of 5
359585.2257188832,Mean of 5
281730.89182226965,Mean of 5
296005.56056829606,Mean of 5
188029.53730439726,Mean of 5
171216.0818007086,Mean of 5
232226.04012985472,Mean of 5
292911.09151431156,Mean of 5
408381.02918817924,Mean of 5
213442.994728306,Mean of 5
206099.27426786866,Mean of 5
250160.102086268,Mean of 5
336965.11494619976,Mean of 5
317983.88617492386,Mean of 5
216367.21471087728,Mean of 5
288702.33630479313,Mean of 5
202867.41462376332,Mean of 5
325307.64137380983,Mean of 5
302355.6851758876,Mean of 5
282496.8138324147,Mean of 5
381180.6743682312,Mean of 5
234154.5204642321,Mean of 5
235180.2146355952,Mean of 5
180507.9203165282,Mean of 5
218645.99927648032,Mean of 5
193772.0180341967,Mean of 5
304074.4678445011,Mean of 5
302773.91921492794,Mean of 5
176202.8737443612,Mean of 5
248223.6226336888,Mean of 5
211652.06511938394,Mean of 5
284832.07903404377,Mean of 5
215336.25829483848,Mean of 5
270708.7565781953,Mean of 5
304101.0537618809,Mean of 5
256186.36076884423,Mean of 5
265881.859148376,Mean of 5
259737.88577732816,Mean of 5
196737.77726312788,Mean of 5
317761.5741227413,Mean of 5
262831.6826163546,Mean of 5
281233.06761572155,Mean of 5
196727.72383581795,Mean of 5
237472.7858833176,Mean of 5
242689.95888316445,Mean of 5
452949.67164929316,Mean of 5
299923.79227374267,Mean of 5
279930.9182896825,Mean of 5
264750.45097857894,Mean of 5
328230.9362639829,Mean of 5
224698.47688119617,Mean of 5
239335.44785114276,Mean of 5
369760.56490660895,Mean of 5
230956.2288527755,Mean of 5
285704.9326887158,Mean of 5
231719.37691702502,Mean of 5
316916.3634021988,Mean of 5
282490.3902278049,Mean of 5
311219.82240690273,Mean of 5
284278.59809439833,Mean of 5
235625.8540258458,Mean of 5
240002.94629317772,Mean of 5
354398.41237932735,Mean of 5
225939.5035753951,Mean of 5
221943.29411499522,Mean of 5
291787.03516613564,Mean of 5
282349.30739824974,Mean of 5
316343.5146628894,Mean of 5
269179.7126637859,Mean of 5
250736.6990561958,Mean of 5
254175.24578934623,Mean of 5
224332.58173399,Mean of 5
149693.74450371636,Mean of 5
292337.317658013,Mean of 5
289507.8139077132,Mean of 5
189837.6885606526,Mean of 5
294949.6153532175,Mean of 5
341177.5417228844,Mean of 5
203273.58005165332,Mean of 5
199189.93445858074,Mean of 5
277632.05838119256,Mean of 5
302864.2932048108,Mean of 5
286655.5699636027,Mean of 5
250872.667597363,Mean of 5
291326.01533810305,Mean of 5
376099.09021291195,Mean of 5
266178.9689209519,Mean of 5
232764.61444960098,Mean of 5
198751.1762215924,Mean of 5
237169.09288832225,Mean of 5
230919.4875683946,Mean of 5
366469.3255382894,Mean of 5
236798.56999815395,Mean of 5
274192.88380613347,Mean of 5
173210.94623223593,Mean of 5
247438.98076730812,Mean of 5
223771.77280063974,Mean of 5
279304.1303790538,Mean of 5
252069.56792310797,Mean of 5
281686.9752102319,Mean of 5
252578.5618307457,Mean of 5
195702.76686135674,Mean of 5
244954.19643606278,Mean of 5
338700.18349391146,Mean of 5
264398.86777013104,Mean of 5
243930.71196782525,Mean of 5
409271.18968823133,Mean of 5
244702.73845362075,Mean of 5
246361.991078022,Mean of 5
367479.63156100863,Mean of 5
293167.19184694963,Mean of 5
233492.26122151874,Mean of 5
232190.67201083497,Mean of 5
259115.2896465251,Mean of 5
223921.8198062193,Mean of 5
316654.78400802444,Mean of 5
221668.43015121613,Mean of 5
308135.95265327685,Mean of 5
189735.50685859143,Mean of 5
342113.67766480136,Mean of 5
251390.34899146753,Mean of 5
234631.90720411934,Mean of 5
264047.23610571667,Mean of 5
356927.62568450137,Mean of 5
303245.216189361,Mean of 5
314034.8452755594,Mean of 5
280471.50102281506,Mean of 5
305210.3538088923,Mean of 5
262007.9237729921,Mean of 5
367064.2697438823,Mean of 5
338026.0144729336,Mean of 5
290600.31764460995,Mean of 5
314979.65906567656,Mean of 5
225864.34277322277,Mean of 5
317292.6528194589,Mean of 5
312500.0828615157,Mean of 5
262886.9582010764,Mean of 5
194669.4285759651,Mean of 5
233435.726901948,Mean of 5
252727.6185867874,Mean of 5
191127.65643978282,Mean of 5
215488.49683799082,Mean of 5
127074.4879364861,Mean of 5
311377.31623272377,Mean of 5
371348.2617734392,Mean of 5
325873.5887590684,Mean of 5
356398.60335965874,Mean of 5
285208.8055135345,Mean of 5
294521.4441688647,Mean of 5
308282.65495812416,Mean of 5
303621.3278844818,Mean of 5
312451.1336125486,Mean of 5
341508.270265643,Mean of 5
260092.16007660716,Mean of 5
219759.26390226447,Mean of 5
155872.76091249246,Mean of 5
303290.8329945043,Mean of 5
227949.09305027634,Mean of 5
333750.38076509803,Mean of 5
205515.0099728122,Mean of 5
233917.771269471,Mean of 5
256316.65326528196,Mean of 5
254153.4319640329,Mean of 5
300867.1181816944,Mean of 5
282118.55905790423,Mean of 5
214088.93587042997,Mean of 5
277048.4103861019,Mean of 5
327175.19964623224,Mean of 5
206692.80266396241,Mean of 5
312089.89228726923,Mean of 5
367199.20598231896,Mean of 5
181266.9175087118,Mean of 5
290468.7953896193,Mean of 5
239443.50910200668,Mean of 5
220295.05036098388,Mean of 5
281819.18775162566,Mean of 5
259073.28722631474,Mean of 5
329489.9019375889,Mean of 5
264995.5887043165,Mean of 5
288314.08517488034,Mean of 5
247051.35741316032,Mean of 5
341826.8584822609,Mean of 5
248210.76659066224,Mean of 5
302973.6882353276,Mean of 5
213720.0089726856,Mean of 5
254422.76213565818,Mean of 5
297842.0829145692,Mean of 5
154409.3757164004,Mean of 5
301308.2976807853,Mean of 5
332665.0145775443,Mean of 5
349846.3766297477,Mean of 5
280367.48241360986,Mean of 5
234299.45106328552,Mean of 5
121886.5750983821,Mean of 5
276068.2443175405,Mean of 5
163764.69389399613,Mean of 5
277965.61790978594,Mean of 5
199378.13056315397,Mean of 5
262323.1974847933,Mean of 5
291373.54265649867,Mean of 5
288628.3745957332,Mean of 5
111291.08833773676,Mean of 5
201808.3272504953,Mean of 5
139304.57970557225,Mean of 5
270038.58922599646,Mean of 5
311471.376630586,Mean of 5
240316.92722358368,Mean of 5
262839.32525094453,Mean of 5
263402.741246521,Mean of 5
265060.84026407596,Mean of 5
232096.37740870766,Mean of 5
307522.8613268726,Mean of 5
231097.17722725612,Mean of 5
293354.8499802121,Mean of 5
247723.8107245605,Mean of 5
214600.41827904168,Mean of 5
341908.9955601439,Mean of 5
235058.36458909768,Mean of 5
333835.944139941,Mean of 5
141645.1898868091,Mean of 5
333956.6539102603,Mean of 5
361634.885906326,Mean of 5
349206.4645261239,Mean of 5
380772.93059501215,Mean of 5
249506.14385105413,Mean of 5
266024.64832449134,Mean of 5
233989.46399307545,Mean of 5
334989.7938850381,Mean of 5
339457.59572469105,Mean of 5
320303.8714782722,Mean of 5
256393.12436848314,Mean of 5
293426.8834815433,Mean of 5
355805.0236942301,Mean of 5
304871.3478464262,Mean of 5
409838.6511983378,Mean of 5
402698.25678741426,Mean of 5
336756.17994693166,Mean of 5
301621.3070326912,Mean of 5
230175.62141591433,Mean of 5
287477.78460446885,Mean of 5
242358.11076748432,Mean of 5
313959.7538284504,Mean of 5
359023.91573961114,Mean of 5
223484.5833919195,Mean of 5
177812.77934089288,Mean of 5
265756.9403232325,Mean of 5
382982.0287651177,Mean of 5
220582.07798484527,Mean of 5
310111.44949392125,Mean of 5
207663.42262554672,Mean of 5
302999.8239014731,Mean of 5
250064.3935208994,Mean of 5
312274.1886116917,Mean of 5
116165.27457411103,Mean of 5
290381.40446571785,Mean of 5
211702.5651672043,Mean of 20
225317.73134012366,Mean of 20
260129.33013988426,Mean of 20
251038.67772923727,Mean of 20
295146.10498216737,Mean of 20
297829.0849374809,Mean of 20
282929.82705926505,Mean of 20
308509.2056979614,Mean of 20
256874.921232006,Mean of 20
241867.48919262155,Mean of 20
310340.36740533065,Mean of 20
285520.814092835,Mean of 20
319432.33814519143,Mean of 20
286075.37668766995,Mean of 20
277554.16893698595,Mean of 20
246289.59721930916,Mean of 20
245878.1004023954,Mean of 20
249960.2745734437,Mean of 20
263623.5065704187,Mean of 20
285393.3145756453,Mean of 20
272750.7575619425,Mean of 20
320845.5675370047,Mean of 20
287367.1608602533,Mean of 20
261960.45521317748,Mean of 20
233158.72597153607,Mean of 20
250402.77573727132,Mean of 20
291844.94741587335,Mean of 20
262675.5289602907,Mean of 20
289415.1385714652,Mean of 20
271650.88484229735,Mean of 20
287390.28271360334,Mean of 20
338418.6216837726,Mean of 20
230961.01352174426,Mean of 20
283517.96418867336,Mean of 20
280150.36708705843,Mean of 20
280787.43894289515,Mean of 20
284495.28624490666,Mean of 20
236063.53772655167,Mean of 20
279715.53748015774,Mean of 20
272674.3347284635,Mean of 20
262972.3860981357,Mean of 20
242409.1721915266,Mean of 20
251170.40699755977,Mean of 20
336348.7156715122,Mean of 20
272291.7492686508,Mean of 20
315526.5377781452,Mean of 20
273432.6789451845,Mean of 20
261113.67987664667,Mean of 20
265542.56129667885,Mean of 20
274441.81128749053,Mean of 20
270936.8640759222,Mean of 20
264747.3612072843,Mean of 20
255355.43557337904,Mean of 20
275841.25157669507,Mean of 20
245280.13670381732,Mean of 20
312146.98886912793,Mean of 20
291875.0436120282,Mean of 20
271117.6446083846,Mean of 20
265732.7400124918,Mean of 20
284207.7518759209,Mean of 20
296696.3606426568,Mean of 20
273517.13085775607,Mean of 20
253536.01497596275,Mean of 20
274266.5427893443,Mean of 20
232557.86546556614,Mean of 20
303306.42301874363,Mean of 20
285182.07871122926,Mean of 20
329720.4178552106,Mean of 20
268451.92264428333,Mean of 20
263171.02044490696,Mean of 20
270382.02087642846,Mean of 20
284508.22970100795,Mean of 20
275860.05450384796,Mean of 20
302901.91825490375,Mean of 20
283922.3452763244,Mean of 20
249830.58151825302,Mean of 20
242652.13043708797,Mean of 20
264221.67293131317,Mean of 20
286947.762199251,Mean of 20
222470.26429460524,Mean of 20
297571.52904192626,Mean of 20
278340.4215680269,Mean of 20
231910.5446259661,Mean of 20
294229.14781685953,Mean of 20
274073.7039956998,Mean of 20
301668.88504045643,Mean of 20
326462.25001398067,Mean of 20
284057.67514592694,Mean of 20
294355.4838607464,Mean of 20
308410.22842446796,Mean of 20
238448.87214806926,Mean of 20
292901.1153487603,Mean of 20
284883.92867161194,Mean of 20
267008.23492362647,Mean of 20
291363.57864155585,Mean of 20
314184.8747553669,Mean of 20
302700.54216315097,Mean of 20
294867.1977892226,Mean of 20
270874.27761322685,Mean of 20
279779.5650300463,Mean of 20
309967.9076585127,Mean of 20
289692.1255357567,Mean of 20
287728.50180281344,Mean of 20
262167.71002969326,Mean of 20
263587.25291113736,Mean of 20
253533.80448304568,Mean of 20
240719.826321756,Mean of 20
280915.4097319007,Mean of 20
304615.4669444444,Mean of 20
284874.825239657,Mean of 20
239551.7325360693,Mean of 20
267431.4843195868,Mean of 20
325083.82000794716,Mean of 20
269442.2059482209,Mean of 20
261652.5391891664,Mean of 20
268340.96734148846,Mean of 20
241045.04097923328,Mean of 20
210913.96867624362,Mean of 20
276084.53022905596,Mean of 20
298310.5885904871,Mean of 20
276764.1154109719,Mean of 20
268090.12111457204,Mean of 20
268421.39258130087,Mean of 20
254057.23365444288,Mean of 20
240503.95023849403,Mean of 20
271482.0725826811,Mean of 20
271390.6863455754,Mean of 20
301759.28690093814,Mean of 20
287809.96868939756,Mean of 20
281187.5943917873,Mean of 20
285699.42760251014,Mean of 20
279853.0152769668,Mean of 20
305123.6872775982,Mean of 20
277676.6730347603,Mean of 20
320410.7339365905,Mean of 20
263204.41313445766,Mean of 20
298999.4365918177,Mean of 20
296416.27786554454,Mean of 20
289250.8261818768,Mean of 20
258278.21961293006,Mean of 20
299371.5649644135,Mean of 20
264690.22306378337,Mean of 20
341923.7794542003,Mean of 20
235813.00996722918,Mean of 20
253469.91387104528,Mean of 20
311676.09189167153,Mean of 20
286035.29588045354,Mean of 20
227744.86000385927,Mean of 20
315630.14788101416,Mean of 20
313369.84505386115,Mean of 20
213983.4426376371,Mean of 20
210215.77948224716,Mean of 20
263748.84021234966,Mean of 20
250341.98553464533,Mean of 20
280218.34084076906,Mean of 20
256515.88329360037,Mean of 20
256903.5118157124,Mean of 20
188777.953667322,Mean of 20
223985.98964217296,Mean of 20
267161.6009419727,Mean of 20
281749.28284494486,Mean of 20
269043.4239520491,Mean of 20
288282.1951102255,Mean of 20
301961.76771895087,Mean of 20
308726.0535779641,Mean of 20
210859.9774188973,Mean of 20
302431.0441410306,Mean of 20
304210.3440053115,Mean of 20
247157.02202454518,Mean of 20
221573.7064181653,Mean of 20
268793.33732202905,Mean of 20
290234.77917956345,Mean of 20
269782.7058186584,Mean of 20
207448.61302511024,Mean of 20
268266.6003651639,Mean of 20
298652.2983884081,Mean of 20
307808.2531366247,Mean of 20
228546.19882744006,Mean of 20
327975.8417722247,Mean of 20
221182.11026530789,Mean of 20
242413.3563142877,Mean of 20
267029.002853576,Mean of 20
270205.7751294298,Mean of 20
231509.85497247003,Mean of 20
299587.3581795554,Mean of 20
288370.0570991873,Mean of 20
267782.53106734034,Mean of 20
265768.2437894009,Mean of 20
260389.82363847754,Mean of 20
286624.5366788055,Mean of 20
263462.5341488789,Mean of 20
263609.47743680945,Mean of 20
271449.5293219193,Mean of 20
278881.3350218999,Mean of 20
300621.803609423,Mean of 20
296585.6529114248,Mean of 20
294970.7284909437,Mean of 20
250543.4804920095,Mean of 20
274893.2111788611,Mean of 20
234222.1581168237,Mean of 20
285177.5874977639,Mean of 20
354878.2790213175,Mean of 20
289735.8002516093,Mean of 20
267996.10892206494,Mean of 20
293181.782469202,Mean of 20
301539.1656127288,Mean of 20
268452.895225722,Mean of 20
276410.72726822767,Mean of 20
303918.5087144758,Mean of 20
239242.42157498567,Mean of 20
276160.4780975261,Mean of 20
198681.6421916749,Mean of 20
265765.73725635227,Mean of 20
230871.99733207407,Mean of 20
273914.5782017469,Mean of 20
225913.31050264882,Mean of 20
267442.8912822715,Mean of 20
277980.65331412555,Mean of 20
284636.68480013625,Mean of 20
290559.96368921536,Mean of 20
259094.68202852193,Mean of 20
266439.8999004891,Mean of 20
249188.21233113398,Mean of 20
245530.6492877407,Mean of 20
279203.62135126104,Mean of 20
284102.54895908944,Mean of 20
317091.81714520353,Mean of 20
276924.5500784548,Mean of 20
291737.0576714599,Mean of 20
314388.49469297694,Mean of 20
277041.9573674228,Mean of 20
265510.82776549563,Mean of 20
285115.5269508787,Mean of 20
253768.71604725503,Mean of 20
258105.72523653568,Mean of 20
310468.2289200574,Mean of 20
278791.02300716133,Mean of 20
302384.518152237,Mean of 20
267939.6540912214,Mean of 20
324482.4905516754,Mean of 20
320247.14906989475,Mean of 20
222989.93260448315,Mean of 20
221976.71799308684,Mean of 20
288845.31283339753,Mean of 20
290905.69562448934,Mean of 20
298320.3589537634,Mean of 20
274383.76006066595,Mean of 20
310805.77581486176,Mean of 20
243000.65212657535,Mean of 20
318432.0318043486,Mean of 20
319765.4446215799,Mean of 20
304339.48076249246,Mean of 20
267638.7326456445,Mean of 20
325551.2586370264,Mean of 20
206940.71046369537,Mean of 20
245788.04371456982,Mean of 20
337669.7225425612,Mean of 20
304863.6137725778,Mean of 20
284903.9999688667,Mean of 20
286267.6261482076,Mean of 20
212326.25935476515,Mean of 20
302048.12131292414,Mean of 20
311065.4562473061,Mean of 20
283796.25654629903,Mean of 20
229966.73315950608,Mean of 20
285109.12997427594,Mean of 20
220172.0360926048,Mean of 20
267582.05826698436,Mean of 20
288421.3642116475,Mean of 20
282346.1893212501,Mean of 20
292108.0248315147,Mean of 20
303967.1682668376,Mean of 20
278930.5006306386,Mean of 20
275137.03536879114,Mean of 20
316531.1669197684,Mean of 20
287332.19243747334,Mean of 20
308011.7791912966,Mean of 20
264842.2508229245,Mean of 20
327459.3973637679,Mean of 20
289782.6825541529,Mean of 20
232910.9308899046,Mean of 20
281875.8090359572,Mean of 20
298230.38057589007,Mean of 20
360609.8067218525,Mean of 20
248049.2849458685,Mean of 20
233048.39997295686,Mean of 20
272629.4719405196,Mean of 20
301829.3859431838,Mean of 20
258645.3782583188,Mean of 20
260001.21459926912,Mean of 20
272190.07654509135,Mean of 20
267750.105410265,Mean of 20
301416.20734098164,Mean of 20
266135.7368466,Mean of 20
195176.08179797835,Mean of 20
312424.49529985344,Mean of 20
249526.27609539242,Mean of 20
194173.76691131687,Mean of 20
276547.61081429897,Mean of 20
290544.6553337938,Mean of 20
256580.34416334727,Mean of 20
263034.1867988083,Mean of 20
270457.11989121616,Mean of 20
294163.7682240158,Mean of 20
293674.9597962712,Mean of 20
265743.36085375864,Mean of 20
283588.5267995306,Mean of 20
237727.56012549833,Mean of 20
258097.07452836205,Mean of 20
286443.29749246105,Mean of 20
286251.6684366836,Mean of 20
272665.91184978397,Mean of 20
278403.77440997155,Mean of 20
317525.6772308311,Mean of 20
287328.4249608081,Mean of 20
250716.60947581418,Mean of 20
235578.67918878683,Mean of 20
300376.69048376265,Mean of 20
237009.36918100965,Mean of 20
271615.96842484886,Mean of 20
252024.21268472075,Mean of 20
299402.11770385277,Mean of 20
284654.698408567,Mean of 20
263631.8333970825,Mean of 20
295509.4488966278,Mean of 20
245178.4247910507,Mean of 20
217232.3724376338,Mean of 20
254740.03403271115,Mean of 20
329740.4865085233,Mean of 20
271861.9984784339,Mean of 20
245998.60400872948,Mean of 20
236633.06026432134,Mean of 20
266004.02563479287,Mean of 20
271389.45698468515,Mean of 20
232660.25438967702,Mean of 20
259532.26168053487,Mean of 20
234954.11938862898,Mean of 20
254277.12399029406,Mean of 20
263314.1948855762,Mean of 20
342501.477150038,Mean of 20
269936.3029412594,Mean of 20
307975.8515685169,Mean of 20
283719.0559552912,Mean of 20
242060.48483653716,Mean of 20
294826.36497437756,Mean of 20
280311.1546823212,Mean of 20
313113.3408260485,Mean of 20
270981.4690274614,Mean of 20
255520.4211510791,Mean of 20
240983.91765895853,Mean of 20
247042.78262583708,Mean of 20
278924.726748219,Mean of 20
193026.96824326037,Mean of 20
281142.21742974187,Mean of 20
209911.7425260831,Mean of 20
270617.66078331124,Mean of 20
289658.8244085781,Mean of 20
216557.4036615966,Mean of 20
311859.5701929676,Mean of 20
249745.67991372844,Mean of 20
264626.20762814104,Mean of 20
316323.64554781804,Mean of 20
247462.26831492325,Mean of 20
297447.27945331216,Mean of 20
221408.7917248848,Mean of 20
285787.6237950117,Mean of 20
315210.61189147877,Mean of 20
258635.8037625934,Mean of 20
232856.74744913128,Mean of 20
300434.05376242625,Mean of 20
235414.66935223728,Mean of 20
312050.9751848491,Mean of 20
252843.3390192446,Mean of 20
288168.9918810118,Mean of 20
296330.4671247186,Mean of 20
243590.05233346616,Mean of 20
273268.65473535674,Mean of 20
279529.09172652534,Mean of 20
223515.5675891318,Mean of 20
281584.58607834874,Mean of 20
299097.3131927011,Mean of 20
267960.8018741277,Mean of 20
313176.9341229803,Mean of 20
287688.3361975514,Mean of 20
236766.89449324892,Mean of 20
305809.1774589949,Mean of 20
218040.54663667042,Mean of 20
273055.86051256274,Mean of 20
239148.1752485741,Mean of 20
219555.94539098334,Mean of 20
312982.8668625423,Mean of 20
262934.1153714502,Mean of 20
232119.25862201335,Mean of 20
285783.29331138596,Mean of 20
267478.99600380514,Mean of 20
314608.9087024039,Mean of 20
209087.91300892647,Mean of 20
271412.0383406703,Mean of 20
276223.60141174565,Mean of 20
287276.78196112654,Mean of 20
269733.60121523135,Mean of 20
262565.67248198704,Mean of 20
304159.1284269712,Mean of 20
259857.97407644926,Mean of 20
244191.58904862072,Mean of 20
214999.00871133426,Mean of 20
264242.6318917431,Mean of 20
256610.65261225455,Mean of 20
277748.7190198148,Mean of 20
237889.88331619184,Mean of 20
255214.07841976467,Mean of 20
191726.81883699205,Mean of 20
261104.5885369882,Mean of 20
276367.3963736448,Mean of 20
326658.66858142865,Mean of 20
257325.16989173353,Mean of 20
334863.17977195774,Mean of 20
309902.31754208636,Mean of 20
242849.042521915,Mean of 20
223273.85793041522,Mean of 20
250622.765682805,Mean of 20
311627.95644679584,Mean of 20
273205.1382393811,Mean of 20
228584.1146832533,Mean of 20
276063.93822857377,Mean of 20
312335.4363630844,Mean of 20
310898.2160639746,Mean of 20
249971.94182888148,Mean of 20
299320.69065950054,Mean of 20
339432.0704579721,Mean of 20
280393.4967112512,Mean of 20
288845.5037826391,Mean of 20
275740.5682440126,Mean of 20
284746.3478885714,Mean of 20
283653.4582348711,Mean of 20
307371.9590169125,Mean of 20
271689.6931387598,Mean of 20
299161.53548763937,Mean of 20
263523.35315001116,Mean of 20
203335.39104912296,Mean of 20
274273.9280444124,Mean of 20
291573.37117610045,Mean of 20
287043.39722654753,Mean of 20
258044.69284609664,Mean of 20
287798.612318446,Mean of 20
269930.60013269464,Mean of 20
302696.9077355341,Mean of 20
291773.9761810533,Mean of 20
242349.2051494501,Mean of 20
223162.49482955024,Mean of 20
253696.4524623355,Mean of 20
332315.5973283468,Mean of 20
218466.4307102744,Mean of 20
239209.69915510615,Mean of 20
314640.254933475,Mean of 20
315764.033646266,Mean of 20
235284.26700219404,Mean of 20
295361.3037896604,Mean of 20
240183.22363167437,Mean of 20
300610.333953735,Mean of 20
233676.92384104143,Mean of 20
256010.12281685992,Mean of 20
292659.96011213714,Mean of 20
308541.8238472125,Mean of 20
258645.22143813787,Mean of 20
216897.02668306208,Mean of 20
239318.67439472707,Mean of 20
216049.67600825866,Mean of 20
246918.42631187238,Mean of 20
321531.6686359609,Mean of 20
270713.7313562336,Mean of 20
344266.0638658025,Mean of 20
223404.3767977092,Mean of 20
281742.72695075,Mean of 20
281492.08985553676,Mean of 20
309525.7485746227,Mean of 20
290323.80872978707,Mean of 20
285473.52549229877,Mean of 20
273926.0195002486,Mean of 20
252351.5546586009,Mean of 20
255051.07026908052,Mean of 20
209528.81928106103,Mean of 20
288880.1100541167,Mean of 20
229143.46345384518,Mean of 20
283411.0977735849,Mean of 20
298843.47543405165,Mean of 20
220427.87381728747,Mean of 20
256757.66112043854,Mean of 20
260765.28863826455,Mean of 20
285413.6748410306,Mean of 20
273614.39922361664,Mean of 20
338923.6139927216,Mean of 20
298817.1420721572,Mean of 20
293353.2138345678,Mean of 20
269631.81436325866,Mean of 20
222591.50001183478,Mean of 20
282601.0970675972,Mean of 20
243363.50158500104,Mean of 20
254273.73171805072,Mean of 20
253053.02802704964,Mean of 20
258227.31565268748,Mean of 20
316556.7844690473,Mean of 20
255152.48158015305,Mean of 20
299096.0538518805,Mean of 20
286942.6801706577,Mean of 20
282286.86038113345,Mean of 20
284330.145096849,Mean of 20
299842.8762721702,Mean of 20
281404.4934629494,Mean of 20
309059.3538085822,Mean of 20
286792.5002470031,Mean of 20
293766.29407663696,Mean of 20
304959.3763623434,Mean of 20
241406.51434155824,Mean of 20
272915.62187366426,Mean of 20
240166.87489143066,Mean of 20
299117.2564680585,Mean of 20
256190.32662217604,Mean of 20
256605.22477166206,Mean of 20
289740.52792322944,Mean of 20
281895.371825162,Mean of 20
257408.69550987994,Mean of 20
255478.67516592293,Mean of 20
311152.8141009022,Mean of 20
254479.52821472473,Mean of 20
221573.12958551146,Mean of 20
242443.8294709571,Mean of 20
283424.55618163245,Mean of 20
307671.05149699503,Mean of 20
295930.50602772296,Mean of 20
282509.0109156635,Mean of 20
226980.06986418227,Mean of 20
305057.73033210804,Mean of 20
297558.8547018839,Mean of 20
296247.73836270487,Mean of 20
268043.87612092873,Mean of 20
281801.1026615226,Mean of 20
271083.32528599084,Mean of 20
202259.3184476614,Mean of 20
289174.24531452253,Mean of 20
313197.92466812354,Mean of 20
302278.5567711343,Mean of 20
275480.6468839787,Mean of 20
291996.3780848558,Mean of 20
242810.14973084055,Mean of 20
314776.9649355095,Mean of 20
234507.3480716398,Mean of 20
230621.23649075945,Mean of 20
338925.5660676921,Mean of 20
281523.65104230586,Mean of 20
264430.67478825717,Mean of 20
247376.44396235904,Mean of 20
364882.8248835245,Mean of 20
246249.429954307,Mean of 20
252329.29089558375,Mean of 20
285266.71776492544,Mean of 20
268321.73884327343,Mean of 20
237562.17067039656,Mean of 20
263642.46922182187,Mean of 20
272447.2327225531,Mean of 20
319101.8685704247,Mean of 20
231561.67423734596,Mean of 20
255883.84436537503,Mean of 20
282247.78476263233,Mean of 20
309014.42422930256,Mean of 20
239894.37908735577,Mean of 20
323411.32634114835,Mean of 20
263554.5665458592,Mean of 20
322174.27392339066,Mean of 20
313356.24794654397,Mean of 20
310995.5068840376,Mean of 20
271449.98485665803,Mean of 20
263176.26086401765,Mean of 20
292738.4696491316,Mean of 20
254124.34033870342,Mean of 20
278270.3278586205,Mean of 20
259766.62271332624,Mean of 20
248999.2187698456,Mean of 20
286612.160067647,Mean of 20
285469.7575017765,Mean of 20
279562.01194349135,Mean of 20
299230.48073694366,Mean of 20
263488.9989243524,Mean of 20
228359.8768447141,Mean of 20
282200.44782895345,Mean of 20
338627.9432347908,Mean of 20
285138.50197792705,Mean of 20
263716.17932365567,Mean of 20
211962.18422581797,Mean of 20
263276.12698958896,Mean of 20
282838.11551316094,Mean of 20
240309.59652057773,Mean of 20
269114.10413298785,Mean of 20
258637.1926870814,Mean of 20
310237.8252830139,Mean of 20
244931.78644733183,Mean of 20
248403.69685748388,Mean of 20
251530.1976669614,Mean of 20
279663.0256775324,Mean of 20
269165.1594856923,Mean of 20
297037.49468275625,Mean of 20
276847.240506367,Mean of 20
344225.25173649733,Mean of 20
234231.91393609252,Mean of 20
297570.02719443885,Mean of 20
273036.70947788085,Mean of 20
290565.83386856876,Mean of 20
255516.04000138864,Mean of 20
286663.00689831446,Mean of 20
298239.1981804855,Mean of 20
294612.4601522144,Mean of 20
316863.68208738684,Mean of 20
298545.3267926575,Mean of 20
280407.10014701885,Mean of 20
298086.3591675211,Mean of 20
239134.93796772417,Mean of 20
266427.79763209866,Mean of 20
260093.27749097272,Mean of 20
325736.7298321562,Mean of 20
241736.5907200686,Mean of 20
291649.1042060756,Mean of 20
315622.99799770076,Mean of 20
315013.1901064727,Mean of 20
244672.28694248167,Mean of 20
285915.36109525117,Mean of 20
274838.85235728,Mean of 20
270528.9860008726,Mean of 20
230529.692167626,Mean of 20
294122.6361302893,Mean of 20
238152.11092053418,Mean of 20
303570.8849301982,Mean of 20
300761.1396275518,Mean of 20
235732.97528173449,Mean of 20
248307.3451968134,Mean of 20
295402.3967882378,Mean of 20
244737.71078934724,Mean of 20
245560.97332435372,Mean of 20
289647.1446614763,Mean of 20
246286.74136847368,Mean of 20
209959.31806850416,Mean of 20
253407.79751339805,Mean of 20
281183.576440163,Mean of 20
255758.28176444615,Mean of 20
294025.2714969124,Mean of 20
264192.85206352803,Mean of 20
316209.05848476366,Mean of 20
290872.5854443391,Mean of 20
288645.1468558833,Mean of 20
255558.68657043445,Mean of 20
301021.7810557302,Mean of 20
319042.16090118274,Mean of 20
274164.86113383685,Mean of 20
310940.8528384039,Mean of 20
304414.94647296326,Mean of 20
281804.9715360809,Mean of 20
298119.24417461606,Mean of 20
249199.37138391408,Mean of 20
216290.45695872017,Mean of 20
245448.35605633064,Mean of 20
233859.97892487323,Mean of 20
273237.22755128617,Mean of 20
253565.83447836075,Mean of 20
265338.5350968181,Mean of 20
218330.1592176007,Mean of 20
272933.9867091117,Mean of 20
250611.8956111522,Mean of 20
256411.83011620777,Mean of 20
300134.75866384606,Mean of 20
309820.8781472914,Mean of 20
340971.87437201187,Mean of 20
253382.65232077497,Mean of 20
258260.0700314901,Mean of 20
360501.15824436385,Mean of 20
301307.81949220336,Mean of 20
266455.1502887518,Mean of 20
264378.9231346213,Mean of 20
286844.5893642556,Mean of 20
292437.0468096511,Mean of 20
262742.4137678552,Mean of 20
264670.0832915126,Mean of 20
298923.108263997,Mean of 20
278896.26011478656,Mean of 20
290742.1656952604,Mean of 20
291635.6096955704,Mean of 20
278109.1263013891,Mean of 20
261971.9688496972,Mean of 20
272639.2140482868,Mean of 20
297061.2611130891,Mean of 20
290353.49886381446,Mean of 20
233893.66920827623,Mean of 20
287878.9998717909,Mean of 20
267629.41661822994,Mean of 20
253513.50000765972,Mean of 20
242071.77534206506,Mean of 20
318759.7090889839,Mean of 20
256849.22706844905,Mean of 20
238018.09384626508,Mean of 20
319783.97267356695,Mean of 20
242798.79653570574,Mean of 20
257865.3398251445,Mean of 20
295232.4998598297,Mean of 20
232160.75648188507,Mean of 20
300076.6050562123,Mean of 20
274026.7381542788,Mean of 20
300089.9640771498,Mean of 20
257996.25885295705,Mean of 20
251807.84309423558,Mean of 20
346236.1096666453,Mean of 20
337649.23389333376,Mean of 20
240359.12794520444,Mean of 20
234977.85322053923,Mean of 20
244044.7089461591,Mean of 20
317545.9466728841,Mean of 20
283987.3231008545,Mean of 20
294590.63441926177,Mean of 20
306947.7670828925,Mean of 20
255962.6290984247,Mean of 20
313400.70967108343,Mean of 20
296331.09310091485,Mean of 20
281174.24943065096,Mean of 20
316741.7730860903,Mean of 20
315334.3303446774,Mean of 20
218436.2034977624,Mean of 20
329326.1352322696,Mean of 20
320103.8461158861,Mean of 20
244950.41253481284,Mean of 20
299637.364740192,Mean of 20
299398.5529464767,Mean of 20
229618.06132135392,Mean of 20
293746.1576703086,Mean of 20
272320.8119776068,Mean of 20
256370.12865503086,Mean of 20
265722.6349921639,Mean of 20
231507.14646353846,Mean of 20
271429.103817053,Mean of 20
207080.71979542656,Mean of 20
267659.105424774,Mean of 20
279912.80429644993,Mean of 20
299234.3846156063,Mean of 20
275582.66690983606,Mean of 20
266009.5618319172,Mean of 20
309690.3310502975,Mean of 20
294763.0478525433,Mean of 20
266229.82636443863,Mean of 20
309002.1543334553,Mean of 20
345000.2005347248,Mean of 20
327443.2740973673,Mean of 20
270811.75958442583,Mean of 20
250279.68090170514,Mean of 20
252295.977999215,Mean of 20
256397.16455255952,Mean of 20
260610.46585843308,Mean of 20
315771.5314510813,Mean of 20
242908.3221551575,Mean of 20
278633.0330397773,Mean of 20
264258.3161452205,Mean of 20
285755.3562035284,Mean of 20
268200.3388772487,Mean of 20
267847.6515488041,Mean of 20
268865.16191813716,Mean of 20
255669.1820607406,Mean of 20
254681.13202346984,Mean of 20
272808.2645516535,Mean of 20
216343.89498188155,Mean of 20
296620.5280365129,Mean of 20
263883.8342650187,Mean of 20
261774.74955406444,Mean of 20
258545.3906058324,Mean of 20
305365.67854655406,Mean of 20
304802.7765272842,Mean of 20
291851.705355869,Mean of 20
259573.97637611837,Mean of 20
285774.1924766474,Mean of 20
258780.09481267532,Mean of 20
255950.53188233916,Mean of 20
294413.41806542705,Mean of 20
293862.34419046744,Mean of 20
263547.1686845536,Mean of 20
298377.883632393,Mean of 20
251504.5806773301,Mean of 20
255277.1323441752,Mean of 20
249052.90253244745,Mean of 20
338531.8309633934,Mean of 20
303809.44598654285,Mean of 20
270393.8860119371,Mean of 20
234234.27360771425,Mean of 20
279231.52272753004,Mean of 20
287624.7980755634,Mean of 20
270409.90379783965,Mean of 20
306435.44183879567,Mean of 20
292018.61119603866,Mean of 20
284890.9710770884,Mean of 20
229934.20195054784,Mean of 20
261941.3722176949,Mean of 20
325316.1336059592,Mean of 20
238300.64506193512,Mean of 20
265600.4359075214,Mean of 20
296854.54935069877,Mean of 20
237287.7702754402,Mean of 20
265405.6588577412,Mean of 20
291786.389331123,Mean of 20
279418.48579241184,Mean of 20
267937.5056485254,Mean of 20
272469.84052163846,Mean of 20
293085.34158710076,Mean of 20
230242.89435035185,Mean of 20
247792.82194860288,Mean of 20
310233.6876256444,Mean of 20
254056.18102402505,Mean of 20
337815.0240088878,Mean of 20
333565.286135577,Mean of 20
266319.7671149305,Mean of 20
241239.2053802142,Mean of 20
275777.34491237253,Mean of 20
298746.224144753,Mean of 20
276067.9032704282,Mean of 20
306920.2733726857,Mean of 20
300250.9351124871,Mean of 20
233425.2320615911,Mean of 20
289336.0413916311,Mean of 20
245399.10105890906,Mean of 20
229071.394004438,Mean of 20
250966.9207496823,Mean of 20
273080.2318920451,Mean of 20
305008.91790446016,Mean of 20
347901.81590728724,Mean of 20
275111.6367022183,Mean of 20
270839.6879162685,Mean of 20
237946.61963734543,Mean of 20
278304.27388025593,Mean of 20
300447.39249306114,Mean of 20
288529.64134200884,Mean of 20
293207.6564805111,Mean of 20
248265.38539948274,Mean of 20
275146.66399994737,Mean of 20
269672.79877320695,Mean of 20
283650.40793095244,Mean of 20
277352.9272330472,Mean of 20
250871.41331458316,Mean of 20
298799.3380255837,Mean of 20
314536.9439715076,Mean of 20
247202.85136940383,Mean of 20
301282.2223144326,Mean of 20
200448.47804279637,Mean of 20
249275.7240837069,Mean of 20
253694.97838597526,Mean of 20
284125.0598032224,Mean of 20
281389.83992388216,Mean of 20
272484.46953207493,Mean of 20
230216.1938468203,Mean of 20
295132.3416497128,Mean of 20
272369.55398927955,Mean of 20
298815.1941153497,Mean of 20
282450.8150912143,Mean of 20
209736.9585090171,Mean of 20
289082.516887757,Mean of 20
335642.5909350804,Mean of 20
295233.8639621389,Mean of 20
295797.77745866386,Mean of 20
296601.3935320101,Mean of 20
224439.169587577,Mean of 20
287552.3110295356,Mean of 20
243672.33248601895,Mean of 20
282759.75972738926,Mean of 20
284579.0591695088,Mean of 20
269305.3770778881,Mean of 20
206355.48920119077,Mean of 20
284881.53148749337,Mean of 20
289340.5131976126,Mean of 20
293784.59055359627,Mean of 20
318341.3787853367,Mean of 20
268148.2141394699,Mean of 20
269288.08017540636,Mean of 20
279528.1618533003,Mean of 20
273981.58951651095,Mean of 20
267528.04069105804,Mean of 20
222833.41940130308,Mean of 20
261560.01964732129,Mean of 20
272306.07710283407,Mean of 20
244676.41058770404,Mean of 20
270242.7254877918,Mean of 20
305211.58097504085,Mean of 20
271553.583457167,Mean of 20
217845.61395167978,Mean of 20
259239.58563181153,Mean of 20
246132.59674803526,Mean of 20
272299.7481374864,Mean of 20
257863.29043532006,Mean of 20
253105.8446230594,Mean of 20
310981.3730607767,Mean of 20
228612.695185363,Mean of 20
258498.92506909533,Mean of 20
219648.28676019888,Mean of 20
266975.6235677097,Mean of 20
265429.7437863325,Mean of 20
282650.2431264878,Mean of 20
223687.01128567493,Mean of 20
271580.5967302256,Mean of 20
307107.5478690513,Mean of 20
250051.504931091,Mean of 20
236908.36302937096,Mean of 20
260790.57368473226,Mean of 20
301829.69495436596,Mean of 20
309421.075400327,Mean of 20
252983.3511299176,Mean of 20
222709.0763160234,Mean of 20
325585.0296597431,Mean of 20
310354.4584434174,Mean of 20
297478.1996471392,Mean of 20
290294.9165071106,Mean of 20
269639.8778193735,Mean of 20
253074.28968596476,Mean of 20
253638.16665099064,Mean of 20
335685.38384165446,Mean of 20
285760.25814416696,Mean of 20
266712.61799359217,Mean of 20
277029.9354939839,Mean of 20
301702.02211092477,Mean of 20
302366.3142260985,Mean of 20
315870.5071268732,Mean of 20
265970.1815382134,Mean of 20
279991.49888727046,Mean of 20
237558.68643452934,Mean of 20
280176.58585589787,Mean of 20
341820.6656469644,Mean of 20
263456.67827025737,Mean of 20
252144.9314908876,Mean of 20
284571.3992689797,Mean of 20
280685.0073620525,Mean of 20
218584.15426400903,Mean of 20
283682.2971431726,Mean of 20
298686.0213626791,Mean of 20
286854.4751985033,Mean of 20
260299.86248363095,Mean of 20
246423.5829657347,Mean of 20
242881.50122270966,Mean of 20
265999.7570761625,Mean of 20
306486.69639175595,Mean of 20
266679.12518339313,Mean of 20
309946.0474681268,Mean of 20
200189.20123179833,Mean of 20
276961.0400610746,Mean of 20
277199.32121498894,Mean of 20
283355.8343409455,Mean of 20
270950.6016139904,Mean of 20
301471.1351707441,Mean of 20
251285.95056191023,Mean of 20
314655.24803035246,Mean of 20
243242.87509634678,Mean of 20
281228.8652761113,Mean of 20
238860.18383735884,Mean of 20
316876.46457786136,Mean of 20
252763.73406969098,Mean of 20
320330.02059553086,Mean of 20
255908.19023000766,Mean of 20
273615.40813022247,Mean of 20
266997.8467503562,Mean of 20
277426.9972274272,Mean of 20
283106.36735607137,Mean of 20
228504.114923492,Mean of 20
280554.1231527984,Mean of 20
283706.9181403969,Mean of 20
229132.9501122728,Mean of 20
253958.510357269,Mean of 20
311057.741393925,Mean of 20
316098.756535616,Mean of 20
234599.0619324822,Mean of 20
315084.97318617615,Mean of 20
252026.01972742582,Mean of 20
303089.23110966,Mean of 20
266626.5985932378,Mean of 20
247369.4508698519,Mean of 20
289957.9993485721,Mean of 20
284402.62849417207,Mean of 20
225193.84079472054,Mean of 20
263276.2656916169,Mean of 20
326504.9716954174,Mean of 20
272378.2124798437,Mean of 20
298032.48219551926,Mean of 20
243655.45439942088,Mean of 20
285823.87429678335,Mean of 20
301139.2381657781,Mean of 20
267373.6397206088,Mean of 20
250132.70997454747,Mean of 20
251129.84563373248,Mean of 20
280104.48866782995,Mean of 20
317212.4675017966,Mean of 20
284086.1018402218,Mean of 20
257695.24672704464,Mean of 20
250980.65052170702,Mean of 20
252931.62422896753,Mean of 20
290817.89957400406,Mean of 20
285367.7268216564,Mean of 20
280921.48661862337,Mean of 20
276871.96644234576,Mean of 20
258774.44015418767,Mean of 20
336554.0377456122,Mean of 20
342947.51936979045,Mean of 20
302935.66087254084,Mean of 20
297357.37818843144,Mean of 20
